date,signal-date,symbol,industry,direction,kk,sl,tp,risk,entry,exit,status,duration,r,r_sum
2024-01-03,2024-01-02,upst,Credit Services,LONG,40.86,37.6,47.26,3.3,,,,,,
2024-01-03,2024-01-02,pltr,Software - Infrastructure,LONG,16.97,16.47,17.9,0.5,,,,,,
2024-01-03,2024-01-02,rivn,Auto Manufacturers,LONG,21.96,20.85,24.12,1.1,,,,,,
2024-01-03,2024-01-02,w,Internet Retail,LONG,61.62,58.64,67.39,3.0,,,,,,
2024-01-03,2024-01-02,cvna,Auto & Truck Dealerships,LONG,51.67,47.34,60.19,4.3,,,,,,
2024-01-04,2024-01-03,roku,Entertainment,LONG,88.48,85.13,94.91,3.4,88.48,89.69,TE,5.0,0.4,0.4
2024-01-04,2024-01-03,rivn,Auto Manufacturers,LONG,20.68,19.59,22.8,1.1,,,,,,
2024-01-04,2024-01-03,path,Software - Infrastructure,LONG,23.46,22.61,25.1,0.9,,,,,,
2024-01-04,2024-01-03,lyft,Software - Application,LONG,13.76,13.07,15.07,0.7,,,,,,
2024-01-04,2024-01-03,banc,Banks - Regional,LONG,13.15,12.77,13.85,0.4,,,,,,
2024-01-04,2024-01-03,fl,Apparel Retail,LONG,30.24,29.03,32.57,1.2,,,,,,
2024-01-04,2024-01-03,cenx,Aluminum,LONG,11.55,10.8,12.99,0.8,,,,,,
2024-01-04,2024-01-03,byon,Internet Retail,LONG,26.34,25.13,28.67,1.2,,,,,,
2024-01-04,2024-01-03,upwk,Staffing & Employment Services,LONG,14.23,13.65,15.33,0.6,,,,,,
2024-01-04,2024-01-03,amlx,Biotechnology,SHORT,15.25,15.96,13.88,0.7,,,,,,
2024-01-04,2024-01-03,afrm,Software - Infrastructure,LONG,45.47,42.14,52.0,3.3,,,,,,
2024-01-04,2024-01-03,srrk,Biotechnology,LONG,17.58,16.34,20.01,1.2,,,,,,
2024-01-04,2024-01-03,iot,Software - Infrastructure,LONG,31.13,29.78,33.75,1.3,,,,,,
2024-01-05,2024-01-04,vsco,Apparel Retail,LONG,25.02,23.78,27.43,1.2,25.02,23.78,SL,2.0,-1.0,-0.6
2024-01-05,2024-01-04,hasi,REIT - Specialty,LONG,26.34,25.46,28.02,0.9,26.34,25.46,SL,0.0,-1.0,-1.6
2024-01-05,2024-01-04,upwk,Staffing & Employment Services,LONG,14.09,13.54,15.13,0.6,,,,,,
2024-01-05,2024-01-04,rmbs,Semiconductors,LONG,64.18,61.77,68.82,2.4,,,,,,
2024-01-05,2024-01-04,fl,Apparel Retail,LONG,28.92,27.81,31.05,1.1,28.92,29.3,TE,5.0,0.3,-1.3
2024-01-08,2024-01-05,crdo,Communication Equipment,LONG,18.21,17.62,19.32,0.6,18.21,19.32,TP,1.0,1.9,0.6
2024-01-09,2024-01-05,lnth,Drug Manufacturers - Specialty & Generic,SHORT,63.49,65.31,60.02,1.8,63.49,60.02,TP,1.0,1.9,2.5
2024-01-10,2024-01-09,cxm,Software - Application,SHORT,12.07,12.44,11.39,0.4,11.89,12.44,SL,3.0,-1.5,1.0
2024-01-10,2024-01-09,srrk,Biotechnology,LONG,17.11,15.88,19.52,1.2,,,,,,
2024-01-12,2024-01-11,bowl,Leisure,LONG,12.46,11.68,13.95,0.8,,,,,,
2024-01-16,2024-01-12,cxm,Software - Application,SHORT,12.13,12.54,11.38,0.4,,,,,,
2024-01-17,2024-01-16,byon,Internet Retail,LONG,23.57,22.27,26.11,1.3,,,,,,
2024-01-18,2024-01-17,arwr,Biotechnology,LONG,34.8,32.39,39.52,2.4,,,,,,
2024-01-18,2024-01-17,hood,Capital Markets,LONG,10.76,10.22,11.78,0.5,10.76,10.81,TE,5.0,0.1,1.1
2024-01-19,2024-01-18,roku,Entertainment,LONG,85.34,82.01,91.76,3.3,85.77,91.76,TP,3.0,1.8,2.9
2024-01-19,2024-01-18,hood,Capital Markets,LONG,10.84,10.35,11.76,0.5,,,,,,
2024-01-19,2024-01-18,cenx,Aluminum,LONG,10.69,10.08,11.84,0.6,,,,,,
2024-01-19,2024-01-18,cvna,Auto & Truck Dealerships,LONG,43.21,40.79,47.94,2.4,43.21,47.94,TP,1.0,2.0,4.9
2024-01-22,2024-01-19,sndx,Biotechnology,LONG,21.4,20.62,22.91,0.8,,,,,,
2024-01-22,2024-01-19,rxrx,Biotechnology,LONG,10.01,8.88,12.2,1.1,10.01,9.78,TE,5.0,-0.2,4.6
2024-01-22,2024-01-19,rna,Biotechnology,LONG,10.56,9.86,11.89,0.7,10.56,11.89,TP,4.0,1.9,6.5
2024-01-22,2024-01-19,dyn,Biotechnology,LONG,16.35,15.08,18.83,1.3,,,,,,
2024-01-22,2024-01-19,cenx,Aluminum,LONG,10.39,9.8,11.5,0.6,,,,,,
2024-01-23,2024-01-22,arwr,Biotechnology,LONG,33.96,31.96,37.87,2.0,33.96,34.4,TE,5.0,0.2,6.8
2024-01-23,2024-01-22,metc,Coking Coal,LONG,19.59,18.26,22.2,1.3,19.59,18.26,SL,2.0,-1.0,5.8
2024-01-24,2024-01-23,accd,Health Information Services,LONG,12.4,11.29,14.56,1.1,,,,,,
2024-01-29,2024-01-26,acmr,Semiconductor Equipment & Materials,LONG,19.9,18.61,22.42,1.3,,,,,,
2024-01-30,2024-01-29,acmr,Semiconductor Equipment & Materials,LONG,19.03,17.85,21.33,1.2,,,,,,
2024-01-31,2024-01-30,acmr,Semiconductor Equipment & Materials,LONG,18.83,17.71,21.01,1.1,,,,,,
2024-02-01,2024-01-31,rmbs,Semiconductors,LONG,70.94,68.15,76.31,2.8,,,,,,
2024-02-01,2024-01-31,imvt,Biotechnology,LONG,37.57,36.24,40.1,1.3,,,,,,
2024-02-01,2024-01-31,app,Software - Application,LONG,42.48,40.4,46.53,2.1,,,,,,
2024-02-02,2024-02-01,app,Software - Application,LONG,42.02,40.04,45.87,2.0,42.02,,,,,
2024-02-02,2024-02-01,dei,REIT - Office,LONG,13.58,13.05,14.59,0.5,,,,,,
2024-02-02,2024-02-01,imvt,Biotechnology,LONG,36.54,35.23,39.04,1.3,,,,,,
2024-02-02,2024-02-01,rmbs,Semiconductors,LONG,69.37,66.67,74.56,2.7,,,,,,
2024-02-05,2024-02-02,acmr,Semiconductor Equipment & Materials,LONG,16.89,15.83,18.96,1.1,,,,,,
2024-02-05,2024-02-02,acad,Biotechnology,LONG,25.81,24.8,27.74,1.0,,,,,,
2024-02-05,2024-02-02,imvt,Biotechnology,LONG,35.83,34.53,38.34,1.3,35.83,35.5,TE,5.0,-0.3,5.5
2024-02-06,2024-02-05,cenx,Aluminum,LONG,10.7,10.06,11.92,0.6,,,,,,
2024-02-06,2024-02-05,bku,Banks - Regional,LONG,26.19,24.82,28.84,1.4,26.19,24.82,SL,1.0,-1.0,4.5
2024-02-07,2024-02-06,slg,REIT—Office,LONG,44.03,42.09,47.79,1.9,,,,,,
2024-02-07,2024-02-06,vno,REIT—Office,LONG,25.9,24.86,27.91,1.0,,,,,,
2024-02-08,2024-02-07,banc,Banks - Regional,LONG,13.04,12.32,14.42,0.7,,,,,,
2024-02-08,2024-02-07,cuk,Leisure,LONG,14.64,14.05,15.75,0.6,,,,,,
2024-02-08,2024-02-07,slg,REIT—Office,LONG,43.17,41.28,46.82,1.9,43.17,43.24,TE,5.0,0.0,4.6
2024-02-08,2024-02-07,amsc,Specialty Industrial Machinery,LONG,10.73,9.59,12.96,1.1,10.73,12.96,TP,2.0,2.0,6.5
2024-02-08,2024-02-07,cenx,Aluminum,LONG,10.63,10.08,11.67,0.6,10.63,10.08,SL,3.0,-1.0,5.5
2024-02-09,2024-02-08,fybr,Telecom Services,LONG,23.61,22.82,25.12,0.8,,,,,,
2024-02-12,2024-02-09,cuk,Leisure,LONG,14.34,13.76,15.44,0.6,,,,,,
2024-02-12,2024-02-09,cenx,Aluminum,LONG,10.67,10.15,11.66,0.5,10.67,10.15,SL,1.0,-1.0,4.5
2024-02-12,2024-02-09,ccl,Travel Services,LONG,15.76,15.1,17.02,0.7,,,,,,
2024-02-12,2024-02-09,cort,Biotechnology,SHORT,22.54,23.33,21.01,0.8,,,,,,
2024-02-13,2024-02-12,ionq,Computer Hardware,SHORT,11.04,11.61,9.96,0.6,10.73,10.62,TE,5.0,0.2,4.7
2024-02-13,2024-02-12,cort,Biotechnology,SHORT,23.01,23.85,21.39,0.8,23.01,23.85,SL,1.0,-1.0,3.7
2024-02-15,2024-02-14,cort,Biotechnology,SHORT,23.18,24.08,21.44,0.9,,,,,,
2024-02-16,2024-02-15,cort,Biotechnology,SHORT,24.18,25.03,22.54,0.9,24.18,22.54,TP,2.0,1.9,5.6
2024-02-16,2024-02-15,dnli,Biotechnology,SHORT,18.08,18.96,16.37,0.9,17.78,16.37,TP,1.0,1.6,7.2
2024-02-20,2024-02-16,net,Software - Infrastructure,LONG,101.9,95.34,114.72,6.6,,,,,,
2024-02-20,2024-02-16,bowl,Leisure,LONG,13.54,12.58,15.41,1.0,,,,,,
2024-02-21,2024-02-20,mdb,Software - Infrastructure,LONG,460.21,439.18,500.98,21.0,,,,,,
2024-02-21,2024-02-20,path,Software - Infrastructure,LONG,24.62,23.29,27.23,1.3,,,,,,
2024-02-21,2024-02-20,rblx,Electronic Gaming & Multimedia,LONG,43.01,40.99,46.93,2.0,,,,,,
2024-02-22,2024-02-21,afrm,Software - Infrastructure,LONG,37.3,34.06,43.65,3.2,37.8,37.5,TE,5.0,-0.1,7.1
2024-02-22,2024-02-21,kalv,Biotechnology,LONG,13.91,12.79,16.09,1.1,,,,,,
2024-02-22,2024-02-21,mdb,Software - Infrastructure,LONG,438.15,417.18,478.82,21.0,443.94,443.45,TE,5.0,-0.0,7.1
2024-02-22,2024-02-21,path,Software - Infrastructure,LONG,23.38,22.0,26.08,1.4,23.77,23.36,TE,5.0,-0.3,6.8
2024-02-23,2024-02-22,afrm,Software - Infrastructure,LONG,38.82,35.59,45.15,3.2,,,,,,
2024-02-23,2024-02-22,bowl,Leisure,LONG,12.97,12.24,14.37,0.7,,,,,,
2024-02-23,2024-02-22,kalv,Biotechnology,LONG,13.18,12.06,15.36,1.1,,,,,,
2024-02-23,2024-02-22,path,Software - Infrastructure,LONG,23.98,22.56,26.75,1.4,,,,,,
2024-02-26,2024-02-23,bowl,Leisure,LONG,12.57,11.9,13.85,0.7,12.57,13.19,TE,5.0,0.9,7.7
2024-02-26,2024-02-23,riot,Capital Markets,LONG,15.33,13.91,18.12,1.4,15.33,18.12,TP,1.0,2.0,9.7
2024-02-26,2024-02-23,wal,Banks—Regional,LONG,59.08,56.82,63.41,2.3,59.08,56.82,SL,4.0,-1.0,8.7
2024-02-26,2024-02-23,zion,Banks—Regional,LONG,39.76,38.55,42.06,1.2,,,,,,
2024-02-26,2024-02-23,path,Software - Infrastructure,LONG,23.89,22.56,26.48,1.3,23.89,23.63,TE,5.0,-0.2,8.5
2024-02-27,2024-02-26,dkng,Gambling,LONG,41.38,39.42,45.17,2.0,41.38,45.17,TP,4.0,1.9,10.4
2024-02-27,2024-02-26,wal,Banks—Regional,LONG,59.45,57.3,63.57,2.2,59.45,57.3,SL,1.0,-1.0,9.4
2024-02-27,2024-02-26,docs,Health Information Services,LONG,28.49,27.24,30.89,1.2,28.49,28.63,TE,5.0,0.1,9.6
2024-03-06,2024-03-05,verv,Biotechnology,LONG,16.07,14.74,18.66,1.3,,,,,,
2024-03-07,2024-03-06,beam,Biotechnology,LONG,40.12,36.64,46.96,3.5,,,,,,
2024-03-07,2024-03-06,rxrx,Biotechnology,LONG,12.15,10.78,14.83,1.4,,,,,,
2024-03-08,2024-03-07,ai,Software - Application,LONG,33.03,30.4,38.2,2.6,33.03,30.4,SL,2.0,-1.0,8.6
2024-03-08,2024-03-07,verv,Biotechnology,LONG,15.83,14.47,18.49,1.4,15.83,14.47,SL,1.0,-1.0,7.6
2024-03-08,2024-03-07,beam,Biotechnology,LONG,39.18,35.72,45.98,3.5,,,,,,
2024-03-11,2024-03-08,cc,Specialty Chemicals,SHORT,25.29,27.65,20.66,2.4,,,,,,
2024-03-11,2024-03-08,verv,Biotechnology,LONG,16.05,14.6,18.89,1.5,,,,,,
2024-03-12,2024-03-11,ai,Software - Application,LONG,32.22,29.59,37.39,2.6,,,,,,
2024-03-12,2024-03-11,mrvl,Semiconductors,LONG,74.12,70.19,81.77,3.9,,,,,,
2024-03-12,2024-03-11,mod,Auto Parts,LONG,83.52,79.25,91.83,4.3,83.52,89.47,TE,5.0,1.4,9.0
2024-03-13,2024-03-12,cldx,Biotechnology,LONG,47.09,44.41,52.3,2.7,47.09,44.41,SL,1.0,-1.0,8.0
2024-03-13,2024-03-12,eypt,Biotechnology,LONG,23.88,22.2,27.19,1.7,,,,,,
2024-03-13,2024-03-12,iova,Biotechnology,LONG,15.31,14.07,17.74,1.2,,,,,,
2024-03-13,2024-03-12,rgnx,Biotechnology,LONG,23.35,20.81,28.37,2.5,,,,,,
2024-03-13,2024-03-12,mrvl,Semiconductors,LONG,73.33,69.45,80.87,3.9,,,,,,
2024-03-14,2024-03-13,eypt,Biotechnology,LONG,23.12,21.47,26.36,1.7,,,,,,
2024-03-14,2024-03-13,apls,Biotechnology,LONG,59.6,56.5,65.62,3.1,,,,,,
2024-03-14,2024-03-13,cldx,Biotechnology,LONG,47.55,44.86,52.77,2.7,,,,,,
2024-03-14,2024-03-13,amd,Semiconductors,LONG,199.02,189.15,218.2,9.9,,,,,,
2024-03-14,2024-03-13,spr,Aerospace & Defense,LONG,32.38,30.6,35.86,1.8,,,,,,
2024-03-14,2024-03-13,mod,Auto Parts,LONG,85.58,81.44,93.62,4.1,85.58,93.62,TP,3.0,1.9,9.9
2024-03-15,2024-03-14,cohr,Scientific & Technical Instruments,LONG,61.55,58.76,66.94,2.8,,,,,,
2024-03-15,2024-03-14,pltr,Software - Infrastructure,LONG,24.99,23.73,27.45,1.3,,,,,,
2024-03-15,2024-03-14,cldx,Biotechnology,LONG,45.09,42.53,50.09,2.6,,,,,,
2024-03-15,2024-03-14,viav,Communication Equipment,LONG,10.17,9.77,10.91,0.4,,,,,,
2024-03-15,2024-03-14,spr,Aerospace & Defense,LONG,31.69,29.92,35.13,1.8,31.69,35.13,TP,3.0,1.9,11.8
2024-03-15,2024-03-14,rgnx,Biotechnology,LONG,22.53,20.25,27.03,2.3,22.53,22.5,TE,5.0,-0.0,11.8
2024-03-15,2024-03-14,eypt,Biotechnology,LONG,22.51,20.86,25.75,1.7,22.51,23.42,TE,5.0,0.6,12.4
2024-03-15,2024-03-14,cc,Specialty Chemicals,SHORT,26.19,27.45,23.75,1.3,,,,,,
2024-03-18,2024-03-15,iova,Biotechnology,LONG,14.41,13.37,16.42,1.0,14.41,15.02,TE,5.0,0.6,13.0
2024-03-18,2024-03-15,cc,Specialty Chemicals,SHORT,26.49,27.7,24.16,1.2,,,,,,
2024-03-18,2024-03-15,cohr,Scientific & Technical Instruments,LONG,59.87,57.33,64.78,2.5,59.93,57.33,SL,1.0,-1.0,11.9
2024-03-18,2024-03-15,viav,Communication Equipment,LONG,10.01,9.62,10.73,0.4,,,,,,
2024-03-18,2024-03-15,pstg,Computer Hardware,LONG,51.15,48.88,55.55,2.3,,,,,,
2024-03-18,2024-03-15,cldx,Biotechnology,LONG,43.25,41.02,47.58,2.2,,,,,,
2024-03-18,2024-03-15,pltr,Software - Infrastructure,LONG,24.12,22.87,26.57,1.2,24.12,24.18,TE,5.0,0.0,12.0
2024-03-18,2024-03-15,ttd,Software—Application,LONG,78.13,76.17,81.81,2.0,78.13,81.81,TP,2.0,1.9,13.9
2024-03-18,2024-03-15,net,Software - Infrastructure,LONG,93.77,89.91,101.22,3.9,93.77,96.57,TE,5.0,0.7,14.6
2024-03-19,2024-03-18,ahco,Medical Devices,LONG,10.38,9.93,11.22,0.5,10.38,11.22,TP,3.0,1.9,16.5
2024-03-19,2024-03-18,cldx,Biotechnology,LONG,42.44,40.41,46.38,2.0,,,,,,
2024-03-19,2024-03-18,cc,Specialty Chemicals,SHORT,27.01,28.19,24.74,1.2,,,,,,
2024-03-19,2024-03-18,dv,Software - Application,SHORT,32.67,33.83,30.45,1.2,,,,,,
2024-03-20,2024-03-19,celh,Beverages - Non-Alcoholic,LONG,87.87,83.37,96.63,4.5,87.87,91.22,TE,5.0,0.7,17.2
2024-03-20,2024-03-19,cldx,Biotechnology,LONG,41.42,39.45,45.23,2.0,41.42,41.04,TE,5.0,-0.2,17.0
2024-03-20,2024-03-19,pstg,Computer Hardware,LONG,50.5,48.28,54.79,2.2,50.5,52.17,TE,5.0,0.8,17.8
2024-03-25,2024-03-22,mgnx,Biotechnology,LONG,15.54,14.53,17.5,1.0,,,,,,
2024-03-26,2024-03-25,mgni,Advertising Agencies,LONG,10.55,10.13,11.32,0.4,10.55,10.13,SL,4.0,-1.0,16.8
2024-03-26,2024-03-25,mgnx,Biotechnology,LONG,14.58,13.65,16.38,0.9,14.59,13.65,SL,4.0,-1.0,15.7
2024-03-27,2024-03-26,mgnx,Biotechnology,LONG,14.74,13.86,16.43,0.9,14.74,13.86,SL,2.0,-1.0,14.7
2024-03-28,2024-03-27,anf,Apparel Retail,LONG,123.85,118.62,133.95,5.2,123.85,133.95,TP,3.0,1.9,16.7
2024-04-02,2024-04-01,celh,Beverages - Non-Alcoholic,LONG,85.57,81.62,93.23,3.9,,,,,,
2024-04-02,2024-04-01,mod,Auto Parts,LONG,97.41,93.44,105.08,4.0,,,,,,
2024-04-02,2024-04-01,bhvn,Biotechnology,LONG,54.74,52.12,59.84,2.6,,,,,,
2024-04-03,2024-04-02,rkt,Mortgage Finance,LONG,13.7,13.05,14.94,0.6,,,,,,
2024-04-03,2024-04-02,hims,Household & Personal Products,LONG,15.36,14.63,16.76,0.7,15.36,14.63,SL,1.0,-1.0,15.7
2024-04-03,2024-04-02,lyft,Software - Application,LONG,18.84,17.93,20.6,0.9,,,,,,
2024-04-03,2024-04-02,bros,Restaurants,LONG,32.59,31.35,34.99,1.2,32.59,32.7,TE,5.0,0.1,15.8
2024-04-04,2024-04-03,iot,Software - Infrastructure,LONG,35.46,33.94,38.42,1.5,,,,,,
2024-04-04,2024-04-03,cc,Specialty Chemicals,SHORT,27.52,29.06,24.53,1.5,27.52,27.51,TE,5.0,0.0,15.8
2024-04-05,2024-04-04,gps,Apparel Retail,LONG,26.22,25.36,27.87,0.9,,,,,,
2024-04-05,2024-04-04,iot,Software - Infrastructure,LONG,35.41,33.88,38.39,1.5,,,,,,
2024-04-08,2024-04-05,gps,Apparel Retail,LONG,24.96,24.18,26.47,0.8,,,,,,
2024-04-09,2024-04-08,iot,Software—Infrastructure,LONG,34.43,33.09,37.03,1.3,,,,,,
2024-04-09,2024-04-08,ges,Apparel Retail,LONG,31.01,29.85,33.25,1.2,,,,,,
2024-04-09,2024-04-08,gps,Apparel Retail,LONG,24.49,23.69,26.04,0.8,,,,,,
2024-04-10,2024-04-09,chwy,Internet Retail,SHORT,16.91,17.54,15.71,0.6,16.91,17.54,SL,1.0,-1.0,14.8
2024-04-10,2024-04-09,hood,Capital Markets,LONG,18.77,17.97,20.32,0.8,,,,,,
2024-04-10,2024-04-09,anf,Apparel Retail,LONG,120.66,115.1,131.41,5.6,,,,,,
2024-04-10,2024-04-09,gps,Apparel Retail,LONG,23.8,23.01,25.33,0.8,,,,,,
2024-04-10,2024-04-09,ges,Apparel Retail,LONG,30.81,29.6,33.14,1.2,,,,,,
2024-04-10,2024-04-09,iot,Software—Infrastructure,LONG,34.23,32.98,36.63,1.2,,,,,,
2024-04-11,2024-04-10,ges,Apparel Retail,LONG,29.26,28.04,31.61,1.2,,,,,,
2024-04-11,2024-04-10,anf,Apparel Retail,LONG,118.26,112.8,128.84,5.5,,,,,,
2024-04-11,2024-04-10,iova,Biotechnology,LONG,12.75,12.04,14.12,0.7,12.75,12.04,SL,2.0,-1.0,13.8
2024-04-12,2024-04-11,ges,Apparel Retail,LONG,28.87,27.64,31.23,1.2,,,,,,
2024-04-15,2024-04-12,cohr,Scientific & Technical Instruments,LONG,55.35,53.46,58.97,1.9,,,,,,
2024-04-15,2024-04-12,ges,Apparel Retail,LONG,28.37,27.17,30.68,1.2,,,,,,
2024-04-15,2024-04-12,gps,Apparel Retail,LONG,23.41,22.54,25.08,0.9,,,,,,
2024-04-15,2024-04-12,nclh,Travel Services,LONG,18.23,17.41,19.81,0.8,18.23,17.41,SL,0.0,-1.0,12.8
2024-04-15,2024-04-12,anf,Apparel Retail,LONG,115.91,110.54,126.31,5.4,,,,,,
2024-04-15,2024-04-12,dell,Computer Hardware,LONG,122.47,116.09,134.86,6.4,122.47,116.09,SL,1.0,-1.0,11.8
2024-04-15,2024-04-12,play,Entertainment,LONG,59.84,56.84,65.67,3.0,,,,,,
2024-04-16,2024-04-15,ges,Apparel Retail,LONG,27.93,26.86,29.97,1.1,,,,,,
2024-04-16,2024-04-15,cohr,Scientific & Technical Instruments,LONG,54.14,52.22,57.83,1.9,,,,,,
2024-04-16,2024-04-15,gps,Apparel Retail,LONG,22.9,21.99,24.66,0.9,,,,,,
2024-04-16,2024-04-15,iova,Biotechnology,LONG,12.55,11.82,13.95,0.7,,,,,,
2024-04-17,2024-04-16,arhs,Home Improvement Retail,LONG,14.73,14.12,15.9,0.6,,,,,,
2024-04-17,2024-04-16,gps,Apparel Retail,LONG,21.64,20.7,23.46,0.9,,,,,,
2024-04-18,2024-04-17,bv,Specialty Business Services,LONG,11.28,10.77,12.23,0.5,,,,,,
2024-04-18,2024-04-17,iova,Biotechnology,LONG,12.14,11.45,13.45,0.7,,,,,,
2024-04-18,2024-04-17,infa,Software—Infrastructure,LONG,35.71,34.08,38.88,1.6,,,,,,
2024-04-18,2024-04-17,arhs,Home Improvement Retail,LONG,14.7,14.11,15.81,0.6,,,,,,
2024-04-19,2024-04-18,tndm,Medical Devices,LONG,32.17,30.6,35.22,1.6,,,,,,
2024-04-19,2024-04-18,cohr,Scientific & Technical Instruments,LONG,52.05,50.37,55.26,1.7,,,,,,
2024-04-19,2024-04-18,play,Entertainment,LONG,54.82,52.66,58.98,2.2,,,,,,
2024-04-19,2024-04-18,gps,Apparel Retail,LONG,21.72,20.84,23.41,0.9,,,,,,
2024-04-19,2024-04-18,arhs,Home Improvement Retail,LONG,14.68,14.09,15.79,0.6,,,,,,
2024-04-19,2024-04-18,lyft,Software—Application,LONG,17.47,16.59,19.18,0.9,,,,,,
2024-04-19,2024-04-18,pltr,Software—Infrastructure,LONG,21.45,20.7,22.89,0.8,,,,,,
2024-04-19,2024-04-18,app,Software—Application,LONG,71.9,68.52,78.45,3.4,,,,,,
2024-04-19,2024-04-18,mu,Semiconductors,LONG,117.73,112.68,127.5,5.0,,,,,,
2024-04-22,2024-04-19,cohr,Scientific & Technical Instruments,LONG,51.05,49.29,54.42,1.8,51.05,54.42,TP,2.0,1.9,13.7
2024-04-22,2024-04-19,dkng,Gambling,LONG,42.51,40.78,45.85,1.7,,,,,,
2024-04-22,2024-04-19,tndm,Medical Devices,LONG,31.42,29.88,34.41,1.5,31.42,34.41,TP,1.0,1.9,15.6
2024-04-22,2024-04-19,arhs,Home Improvement Retail,LONG,14.23,13.65,15.33,0.6,,,,,,
2024-04-22,2024-04-19,gps,Apparel Retail,LONG,21.08,20.23,22.72,0.8,21.09,20.23,SL,2.0,-1.0,14.6
2024-04-22,2024-04-19,wdc,Computer Hardware,LONG,68.48,65.71,73.81,2.8,,,,,,
2024-04-22,2024-04-19,mu,Semiconductors,LONG,110.99,105.79,121.07,5.2,,,,,,
2024-04-22,2024-04-19,hood,Capital Markets,LONG,17.25,16.39,18.9,0.9,17.25,17.88,TE,5.0,0.7,15.4
2024-04-22,2024-04-19,iova,Biotechnology,LONG,11.71,11.05,12.97,0.7,,,,,,
2024-04-22,2024-04-19,mgnx,Biotechnology,LONG,16.35,15.43,18.13,0.9,,,,,,
2024-04-22,2024-04-19,para,Entertainment,SHORT,11.65,12.28,10.45,0.6,,,,,,
2024-04-22,2024-04-19,lyft,Software—Application,LONG,16.83,15.95,18.54,0.9,16.83,15.95,SL,2.0,-1.0,14.4
2024-04-22,2024-04-19,app,Software—Application,LONG,69.25,66.05,75.44,3.2,,,,,,
2024-04-23,2024-04-22,iova,Biotechnology,LONG,11.66,11.01,12.9,0.7,11.66,12.03,TE,5.0,0.6,14.9
2024-04-23,2024-04-22,dkng,Gambling,LONG,41.54,39.91,44.69,1.6,41.54,39.91,SL,2.0,-1.0,13.9
2024-04-23,2024-04-22,au,Gold,LONG,22.45,21.37,24.55,1.1,22.45,24.55,TP,4.0,1.9,15.9
2024-04-24,2024-04-23,para,Entertainment,SHORT,12.18,12.82,10.96,0.6,,,,,,
2024-04-25,2024-04-24,itci,Drug Manufacturers—Specialty & Generic,LONG,74.19,69.45,83.46,4.7,,,,,,
2024-04-25,2024-04-24,gps,Apparel Retail,LONG,21.15,20.3,22.79,0.8,,,,,,
2024-04-30,2024-04-29,be,Electrical Equipment & Parts,SHORT,10.7,11.25,9.66,0.6,,,,,,
2024-05-01,2024-04-30,be,Electrical Equipment & Parts,SHORT,10.73,11.3,9.65,0.6,,,,,,
2024-05-01,2024-04-30,arry,Solar,SHORT,12.05,12.67,10.86,0.6,,,,,,
2024-05-06,2024-05-03,vsat,Communication Equipment,SHORT,17.01,17.85,15.39,0.8,,,,,,
2024-05-07,2024-05-06,wolf,Semiconductors,SHORT,25.15,27.08,21.38,1.9,25.15,23.71,TE,5.0,0.7,16.6
2024-05-07,2024-05-06,arry,Solar,SHORT,13.43,14.12,12.12,0.7,13.43,14.12,SL,3.0,-1.0,15.6
2024-05-07,2024-05-06,vsat,Communication Equipment,SHORT,17.4,18.21,15.84,0.8,,,,,,
2024-05-07,2024-05-06,enph,Solar,SHORT,113.89,120.52,100.97,6.6,113.89,110.78,TE,5.0,0.5,16.1
2024-05-14,2024-05-13,coin,Financial Data & Stock Exchanges,LONG,206.87,193.71,232.59,13.2,206.87,225.19,TE,5.0,1.4,17.5
2024-05-15,2024-05-14,snap,Internet Content & Information,LONG,15.91,15.27,17.13,0.6,15.98,15.63,TE,5.0,-0.5,16.9
2024-05-16,2024-05-15,max,Internet Content & Information,LONG,19.64,18.22,22.43,1.4,,,,,,
2024-05-20,2024-05-17,w,Internet Retail,LONG,69.05,65.46,76.02,3.6,,,,,,
2024-05-21,2024-05-20,w,Internet Retail,LONG,68.93,65.62,75.34,3.3,,,,,,
2024-05-21,2024-05-20,tgtx,Biotechnology,LONG,16.67,15.98,17.98,0.7,16.67,16.85,TE,5.0,0.3,17.2
2024-05-22,2024-05-21,twst,Diagnostics & Research,LONG,45.12,42.85,49.54,2.3,,,,,,
2024-05-22,2024-05-21,w,Internet Retail,LONG,66.88,63.53,73.41,3.3,,,,,,
2024-05-23,2024-05-22,w,Internet Retail,LONG,65.31,62.0,71.75,3.3,,,,,,
2024-05-23,2024-05-22,www,Footwear & Accessories,LONG,13.36,12.94,14.13,0.4,,,,,,
2024-05-24,2024-05-23,lmnd,Insurance—Property & Casualty,LONG,16.74,15.65,18.86,1.1,,,,,,
2024-05-24,2024-05-23,w,Internet Retail,LONG,62.88,59.84,68.78,3.0,62.88,59.84,SL,1.0,-1.0,16.2
2024-05-24,2024-05-23,tds,Telecom Services,LONG,19.49,18.59,21.23,0.9,,,,,,
2024-05-24,2024-05-23,www,Footwear & Accessories,LONG,13.13,12.75,13.83,0.4,13.13,13.83,TP,1.0,1.8,18.0
2024-05-28,2024-05-24,crnx,Biotechnology,LONG,49.51,47.49,53.4,2.0,,,,,,
2024-05-28,2024-05-24,oscr,Healthcare Plans,LONG,21.19,20.27,22.97,0.9,,,,,,
2024-05-28,2024-05-24,cvna,Auto & Truck Dealerships,LONG,112.9,107.78,122.82,5.1,,,,,,
2024-05-28,2024-05-24,tost,Software—Infrastructure,LONG,25.86,25.04,27.41,0.8,25.86,25.04,SL,1.0,-1.0,17.0
2024-05-28,2024-05-24,snap,Internet Content & Information,LONG,15.51,15.0,16.48,0.5,,,,,,
2024-05-28,2024-05-24,bros,Restaurants,LONG,34.78,33.57,37.11,1.2,34.78,35.07,TE,5.0,0.2,17.3
2024-05-29,2024-05-28,cvna,Auto & Truck Dealerships,LONG,111.11,105.87,121.29,5.2,,,,,,
2024-05-29,2024-05-28,iot,Software—Infrastructure,LONG,39.42,38.02,42.1,1.4,,,,,,
2024-05-30,2024-05-29,sg,Restaurants,LONG,30.66,28.82,34.25,1.8,,,,,,
2024-05-30,2024-05-29,crbg,Asset Management,LONG,29.75,28.54,32.08,1.2,29.75,29.54,TE,5.0,-0.2,17.1
2024-05-30,2024-05-29,ptct,Biotechnology,LONG,36.52,34.46,40.56,2.1,36.52,38.0,TE,5.0,0.7,17.8
2024-06-03,2024-05-31,cvna,Auto & Truck Dealerships,LONG,103.4,98.4,113.09,5.0,103.4,98.4,SL,0.0,-1.0,16.8
2024-06-03,2024-05-31,vsat,Communication Equipment,SHORT,16.15,17.35,13.81,1.2,,,,,,
2024-06-04,2024-06-03,rblx,Electronic Gaming & Multimedia,SHORT,33.85,34.81,32.03,1.0,,,,,,
2024-06-04,2024-06-03,kss,Department Stores,SHORT,22.93,24.5,19.85,1.6,22.93,22.99,TE,5.0,-0.0,16.8
2024-06-07,2024-06-06,vfc,Apparel Manufacturing,SHORT,13.35,14.1,11.91,0.8,,,,,,
2024-06-10,2024-06-07,be,Electrical Equipment & Parts,LONG,15.13,14.06,17.22,1.1,15.13,14.06,SL,4.0,-1.0,15.8
2024-06-10,2024-06-07,aa,Aluminum,LONG,41.91,40.33,44.95,1.6,,,,,,
2024-06-10,2024-06-07,gps,Apparel Retail,LONG,26.12,24.54,29.19,1.6,26.12,24.54,SL,4.0,-1.0,14.8
2024-06-11,2024-06-10,fl,Apparel Retail,LONG,25.57,23.99,28.66,1.6,,,,,,
2024-06-12,2024-06-11,janx,Biotechnology,LONG,43.2,40.18,49.12,3.0,43.64,40.18,SL,3.0,-1.1,13.6
2024-06-13,2024-06-12,aa,Aluminum,LONG,42.29,40.67,45.42,1.6,,,,,,
2024-06-14,2024-06-13,vir,Biotechnology,LONG,10.46,9.6,12.11,0.9,,,,,,
2024-06-14,2024-06-13,aa,Aluminum,LONG,39.89,38.36,42.84,1.5,,,,,,
2024-06-14,2024-06-13,tndm,Medical Devices,LONG,47.52,45.29,51.83,2.2,,,,,,
2024-06-14,2024-06-13,tds,Telecom Services,LONG,20.52,19.36,22.79,1.2,,,,,,
2024-06-18,2024-06-17,flnc,Utilities—Renewable,LONG,20.88,19.23,24.12,1.6,,,,,,
2024-06-18,2024-06-17,sg,Restaurants,LONG,31.89,29.55,36.49,2.3,31.89,29.55,SL,0.0,-1.0,12.6
2024-06-18,2024-06-17,fslr,Solar,LONG,274.33,259.1,304.03,15.2,,,,,,
2024-06-18,2024-06-17,tndm,Medical Devices,LONG,44.96,42.9,48.97,2.1,,,,,,
2024-06-18,2024-06-17,tdw,Oil & Gas Equipment & Services,LONG,97.94,93.21,107.09,4.7,97.94,93.21,SL,2.0,-1.0,11.6
2024-06-18,2024-06-17,aa,Aluminum,LONG,37.77,36.33,40.54,1.4,37.77,40.54,TP,2.0,1.9,13.6
2024-06-18,2024-06-17,be,Electrical Equipment & Parts,LONG,14.27,13.37,16.01,0.9,,,,,,
2024-06-18,2024-06-17,tds,Telecom Services,LONG,19.62,18.68,21.44,0.9,,,,,,
2024-06-18,2024-06-17,enph,Solar,LONG,124.32,117.86,136.87,6.5,,,,,,
2024-06-20,2024-06-18,mrna,Biotechnology,LONG,137.4,131.36,149.1,6.0,,,,,,
2024-06-20,2024-06-18,be,Electrical Equipment & Parts,LONG,14.04,13.2,15.66,0.8,14.04,13.2,SL,1.0,-1.0,12.6
2024-06-21,2024-06-20,hood,Capital Markets,LONG,22.09,21.04,24.12,1.1,22.09,21.04,SL,1.0,-1.0,11.6
2024-06-21,2024-06-20,tdw,Oil & Gas Equipment & Services,LONG,98.86,94.2,107.91,4.7,,,,,,
2024-06-21,2024-06-20,tds,Telecom Services,LONG,19.33,18.45,21.02,0.9,,,,,,
2024-06-24,2024-06-21,arhs,Home Improvement Retail,LONG,17.84,17.08,19.3,0.8,,,,,,
2024-06-24,2024-06-21,mrna,Biotechnology,LONG,136.49,131.02,147.03,5.5,136.49,131.02,SL,2.0,-1.0,10.6
2024-06-24,2024-06-21,tndm,Medical Devices,LONG,43.12,41.36,46.52,1.8,43.12,41.36,SL,0.0,-1.0,9.6
2024-06-24,2024-06-21,anf,Apparel Retail,LONG,175.31,168.0,189.41,7.3,175.31,177.84,TE,5.0,0.3,9.9
2024-06-25,2024-06-24,sg,Restaurants,LONG,29.67,27.85,33.22,1.8,29.67,29.33,TE,5.0,-0.2,9.7
2024-06-25,2024-06-24,hood,Capital Markets,LONG,22.35,21.37,24.26,1.0,,,,,,
2024-06-26,2024-06-25,arhs,Home Improvement Retail,LONG,17.47,16.76,18.84,0.7,,,,,,
2024-06-27,2024-06-26,fslr,Solar,LONG,256.67,244.59,280.1,12.1,,,,,,
2024-07-01,2024-06-28,dell,Computer Hardware,LONG,141.91,134.73,155.85,7.2,141.91,145.97,TE,5.0,0.6,10.3
2024-07-02,2024-07-01,cxw,Security & Protection Services,SHORT,12.8,13.22,12.01,0.4,,,,,,
2024-07-02,2024-07-01,asan,Software—Application,SHORT,13.76,14.37,12.61,0.6,13.76,13.07,TE,5.0,1.1,11.4
2024-07-03,2024-07-02,cxw,Security & Protection Services,SHORT,13.34,13.76,12.55,0.4,13.34,13.15,TE,5.0,0.5,11.9
2024-07-03,2024-07-02,ptct,Biotechnology,LONG,31.36,29.12,35.74,2.2,,,,,,
2024-07-05,2024-07-03,insm,Biotechnology,LONG,64.74,62.16,69.72,2.6,64.74,,,,,
2024-07-09,2024-07-08,vsat,Communication Equipment,SHORT,14.5,15.29,12.99,0.8,,,,,,
2024-07-10,2024-07-09,vsco,Apparel Retail,SHORT,17.47,18.34,15.78,0.9,,,,,,
2024-07-11,2024-07-10,cenx,Aluminum,LONG,18.82,17.73,20.94,1.1,18.82,19.15,TE,5.0,0.3,12.2
2024-07-12,2024-07-11,app,Software—Application,LONG,85.14,81.87,91.45,3.3,85.14,81.87,SL,0.0,-1.0,11.2
2024-07-15,2024-07-12,rily,Financial Conglomerates,SHORT,17.5,18.82,14.91,1.3,17.5,18.82,SL,2.0,-1.0,10.2
2024-07-16,2024-07-15,fun,Leisure,LONG,53.69,51.43,58.07,2.3,,,,,,
2024-07-17,2024-07-16,dell,Computer Hardware,LONG,137.86,132.52,148.15,5.3,,,,,,
2024-07-17,2024-07-16,apls,Biotechnology,SHORT,40.08,41.66,37.04,1.6,40.08,37.04,TP,1.0,1.9,12.1
2024-07-18,2024-07-17,amd,Semiconductors,LONG,169.96,162.29,184.81,7.7,,,,,,
2024-07-18,2024-07-17,mu,Semiconductors,LONG,123.15,118.39,132.3,4.8,,,,,,
2024-07-19,2024-07-18,mu,Semiconductors,LONG,121.75,116.72,131.49,5.0,,,,,,
2024-07-19,2024-07-18,smci,Computer Hardware,LONG,835.72,785.21,934.44,50.5,,,,,,
2024-07-19,2024-07-18,sgh,Semiconductors,LONG,25.87,24.17,29.22,1.7,,,,,,
2024-07-19,2024-07-18,amd,Semiconductors,LONG,163.56,155.23,179.77,8.3,,,,,,
2024-07-22,2024-07-19,fun,Leisure,LONG,51.84,49.85,55.68,2.0,,,,,,
2024-07-22,2024-07-19,mu,Semiconductors,LONG,117.32,112.52,126.59,4.8,,,,,,
2024-07-22,2024-07-19,wsm,Specialty Retail,LONG,150.44,144.2,162.48,6.2,150.44,144.2,SL,3.0,-1.0,11.1
2024-07-22,2024-07-19,dnli,Biotechnology,LONG,22.17,21.22,24.0,1.0,22.17,24.0,TP,1.0,1.9,13.0
2024-07-23,2024-07-22,chwy,Internet Retail,LONG,25.93,24.77,28.15,1.2,,,,,,
2024-07-23,2024-07-22,smci,Computer Hardware,LONG,809.52,761.87,902.51,47.6,,,,,,
2024-07-24,2024-07-23,chwy,Internet Retail,LONG,25.26,24.18,27.36,1.1,25.26,24.18,SL,0.0,-1.0,12.0
2024-07-24,2024-07-23,mu,Semiconductors,LONG,116.45,111.95,125.12,4.5,,,,,,
2024-07-25,2024-07-24,fun,Leisure,LONG,50.01,48.24,53.4,1.8,,,,,,
2024-07-25,2024-07-24,geo,Security & Protection Services,LONG,16.44,15.66,17.93,0.8,,,,,,
2024-07-25,2024-07-24,tgtx,Biotechnology,LONG,20.27,19.27,22.21,1.0,20.27,19.27,SL,3.0,-1.0,11.0
2024-07-25,2024-07-24,gme,Specialty Retail,LONG,25.47,23.95,28.46,1.5,,,,,,
2024-07-25,2024-07-24,amsc,Specialty Industrial Machinery,LONG,28.01,25.69,32.55,2.3,,,,,,
2024-07-25,2024-07-24,sgh,Semiconductors,LONG,24.32,23.04,26.82,1.3,,,,,,
2024-07-26,2024-07-25,sgh,Semiconductors,LONG,23.5,22.27,25.89,1.2,23.5,22.27,SL,2.0,-1.0,10.0
2024-07-26,2024-07-25,fun,Leisure,LONG,48.05,46.35,51.29,1.7,48.05,46.35,SL,1.0,-1.0,9.0
2024-07-26,2024-07-25,oust,Electronic Components,LONG,14.02,12.76,16.48,1.3,14.02,12.76,SL,4.0,-1.0,8.0
2024-07-26,2024-07-25,amsc,Specialty Industrial Machinery,LONG,26.99,24.67,31.58,2.3,,,,,,
2024-07-26,2024-07-25,geo,Security & Protection Services,LONG,15.82,15.06,17.28,0.8,15.82,15.06,SL,1.0,-1.0,7.0
2024-07-29,2024-07-26,hood,Capital Markets,LONG,22.01,20.86,24.24,1.2,,,,,,
2024-07-30,2024-07-29,gme,Specialty Retail,LONG,24.4,22.98,27.17,1.4,,,,,,
2024-07-30,2024-07-29,hood,Capital Markets,LONG,21.86,20.8,23.93,1.1,,,,,,
2024-07-30,2024-07-29,fun,Leisure,LONG,47.44,45.73,50.72,1.7,47.44,45.73,SL,2.0,-1.0,6.0
2024-07-30,2024-07-29,geo,Security & Protection Services,LONG,15.86,15.22,17.08,0.6,,,,,,
2024-07-30,2024-07-29,anf,Apparel Retail,LONG,155.28,148.41,168.58,6.9,,,,,,
2024-07-31,2024-07-30,adma,Biotechnology,LONG,12.57,12.01,13.63,0.6,,,,,,
2024-07-31,2024-07-30,anf,Apparel Retail,LONG,152.14,145.11,165.79,7.0,,,,,,
2024-08-01,2024-07-31,gme,Specialty Retail,LONG,23.47,22.21,25.93,1.3,,,,,,
2024-08-02,2024-08-01,anf,Apparel Retail,LONG,150.86,144.38,163.41,6.5,,,,,,
2024-08-02,2024-08-01,gme,Specialty Retail,LONG,23.11,21.96,25.34,1.1,,,,,,
2024-08-02,2024-08-01,lnth,Drug Manufacturers—Specialty & Generic,LONG,105.9,100.64,116.11,5.3,,,,,,
2024-08-05,2024-08-02,anf,Apparel Retail,LONG,136.6,129.41,150.58,7.2,136.6,146.88,TE,5.0,1.4,7.4
2024-08-05,2024-08-02,ftai,Rental & Leasing Services,LONG,105.04,98.74,117.34,6.3,,,,,,
2024-08-05,2024-08-02,wal,Banks—Regional,LONG,74.08,70.95,80.13,3.1,,,,,,
2024-08-05,2024-08-02,colb,Banks—Regional,LONG,24.21,23.12,26.33,1.1,,,,,,
2024-08-05,2024-08-02,chwy,Internet Retail,LONG,22.83,21.74,24.95,1.1,,,,,,
2024-08-05,2024-08-02,rna,Biotechnology,LONG,42.21,39.92,46.67,2.3,42.21,39.92,SL,0.0,-1.0,6.4
2024-08-06,2024-08-05,wttr,Specialty Chemicals,LONG,10.85,10.28,11.93,0.6,10.85,10.93,TE,5.0,0.1,6.6
2024-08-08,2024-08-07,hope,Banks—Regional,LONG,12.25,11.72,13.26,0.5,,,,,,
2024-08-08,2024-08-07,pfs,Banks—Regional,LONG,17.21,16.42,18.74,0.8,,,,,,
2024-08-08,2024-08-07,zion,Banks—Regional,LONG,47.57,45.67,51.23,1.9,,,,,,
2024-08-08,2024-08-07,lnth,Drug Manufacturers—Specialty & Generic,LONG,99.54,93.89,110.55,5.7,,,,,,
2024-08-08,2024-08-07,colb,Banks—Regional,LONG,23.92,22.76,26.19,1.2,,,,,,
2024-08-08,2024-08-07,hlit,Communication Equipment,LONG,13.56,12.76,15.11,0.8,,,,,,
2024-08-08,2024-08-07,cort,Biotechnology,LONG,35.05,32.82,39.41,2.2,,,,,,
2024-08-08,2024-08-07,ions,Biotechnology,LONG,48.03,46.26,51.42,1.8,,,,,,
2024-08-09,2024-08-08,hope,Banks—Regional,LONG,11.92,11.43,12.84,0.5,,,,,,
2024-08-09,2024-08-08,wttr,Specialty Chemicals,LONG,11.09,10.56,12.1,0.5,,,,,,
2024-08-09,2024-08-08,cort,Biotechnology,LONG,34.79,32.64,39.01,2.1,,,,,,
2024-08-09,2024-08-08,nvri,Waste Management,LONG,11.13,10.52,12.28,0.6,,,,,,
2024-08-12,2024-08-09,sq,Software—Infrastructure,SHORT,60.64,63.54,55.01,2.9,60.64,63.54,SL,1.0,-1.0,5.6
2024-08-12,2024-08-09,hlit,Communication Equipment,LONG,13.26,12.44,14.84,0.8,,,,,,
2024-08-12,2024-08-09,aeo,Apparel Retail,SHORT,20.82,21.78,18.97,1.0,,,,,,
2024-08-12,2024-08-09,tph,Residential Construction,LONG,40.96,39.29,44.18,1.7,,,,,,
2024-08-14,2024-08-13,mrvl,Semiconductors,SHORT,60.68,64.48,53.25,3.8,,,,,,
2024-08-14,2024-08-13,cdns,Software—Application,SHORT,267.89,280.27,243.93,12.4,,,,,,
2024-08-16,2024-08-15,azek,Building Products & Equipment,SHORT,40.75,42.96,36.45,2.2,,,,,,
2024-08-16,2024-08-15,be,Electrical Equipment & Parts,SHORT,11.53,12.41,9.82,0.9,11.53,11.24,TE,5.0,0.3,5.9
2024-08-16,2024-08-15,acmr,Semiconductor Equipment & Materials,SHORT,19.59,20.83,17.16,1.2,,,,,,
2024-08-16,2024-08-15,afrm,Software—Infrastructure,SHORT,27.17,28.69,24.21,1.5,,,,,,
2024-08-16,2024-08-15,gh,Diagnostics & Research,LONG,30.05,27.91,34.25,2.1,,,,,,
2024-08-16,2024-08-15,amd,Semiconductors,SHORT,141.67,148.29,128.85,6.6,,,,,,
2024-08-19,2024-08-16,vyx,Information Technology Services,SHORT,12.69,13.43,11.27,0.7,,,,,,
2024-08-19,2024-08-16,amd,Semiconductors,SHORT,145.05,151.54,132.53,6.5,,,,,,
2024-08-20,2024-08-19,hgv,Resorts & Casinos,SHORT,36.66,38.26,33.59,1.6,36.66,38.26,SL,3.0,-1.0,4.9
2024-08-20,2024-08-19,asan,Software—Application,SHORT,13.21,13.69,12.31,0.5,13.1,13.69,SL,0.0,-1.2,3.7
2024-08-20,2024-08-19,pcor,Software—Application,SHORT,57.63,59.59,53.89,2.0,,,,,,
2024-08-20,2024-08-19,amd,Semiconductors,SHORT,147.57,153.18,136.79,5.6,,,,,,
2024-08-20,2024-08-19,flnc,Utilities—Renewable,SHORT,17.06,18.11,15.01,1.1,,,,,,
2024-08-20,2024-08-19,vyx,Information Technology Services,SHORT,12.84,13.51,11.56,0.7,12.84,13.51,SL,4.0,-1.0,2.7
2024-08-21,2024-08-20,u,Software—Application,SHORT,16.64,17.44,15.09,0.8,,,,,,
2024-08-22,2024-08-21,ntla,Biotechnology,SHORT,23.22,24.27,21.17,1.1,23.22,22.35,TE,5.0,0.8,3.5
2024-08-22,2024-08-21,dkng,Gambling,SHORT,34.68,36.02,32.1,1.3,,,,,,
2024-08-22,2024-08-21,gtlb,Software—Infrastructure,SHORT,46.41,47.99,43.4,1.6,46.41,46.1,TE,5.0,0.2,3.7
2024-08-22,2024-08-21,lrcx,Semiconductor Equipment & Materials,SHORT,859.58,889.16,803.0,29.6,859.58,803.0,TP,3.0,1.9,5.6
2024-08-22,2024-08-21,asan,Software—Application,SHORT,13.55,14.01,12.69,0.5,13.55,14.01,SL,2.0,-1.0,4.6
2024-08-22,2024-08-21,u,Software—Application,SHORT,16.84,17.61,15.37,0.8,16.84,17.61,SL,1.0,-1.0,3.6
2024-08-23,2024-08-22,mrcy,Aerospace & Defense,LONG,38.51,36.44,42.54,2.1,,,,,,
2024-08-23,2024-08-22,spry,Biotechnology,LONG,13.63,12.35,16.13,1.3,,,,,,
2024-08-26,2024-08-23,amd,Semiconductors,SHORT,151.68,157.09,141.3,5.4,151.68,148.56,TE,5.0,0.6,4.2
2024-08-26,2024-08-23,pcor,Software—Application,SHORT,59.23,60.97,55.92,1.7,,,,,,
2024-08-26,2024-08-23,gtlb,Software—Infrastructure,SHORT,46.08,47.51,43.38,1.4,,,,,,
2024-08-26,2024-08-23,apls,Biotechnology,SHORT,39.38,40.95,36.36,1.6,,,,,,
2024-08-26,2024-08-23,u,Software—Application,SHORT,16.95,17.64,15.64,0.7,,,,,,
2024-08-29,2024-08-28,pltr,Software—Infrastructure,LONG,30.83,29.9,32.6,0.9,30.83,29.9,SL,3.0,-1.0,3.2
2024-08-30,2024-08-29,frog,Software—Application,SHORT,27.52,28.36,25.93,0.8,27.52,28.36,SL,2.0,-1.0,2.2
2024-08-30,2024-08-29,sg,Restaurants,LONG,32.98,30.86,37.13,2.1,,,,,,
2024-09-03,2024-08-30,lth,Leisure,LONG,23.8,23.13,25.08,0.7,,,,,,
2024-09-05,2024-09-04,iova,Biotechnology,LONG,10.9,10.33,11.98,0.6,,,,,,
2024-09-06,2024-09-05,cvna,Auto & Truck Dealerships,LONG,145.39,139.45,156.84,5.9,,,,,,
2024-09-06,2024-09-05,spry,Biotechnology,LONG,12.17,11.49,13.46,0.7,,,,,,
2024-09-06,2024-09-05,tgtx,Biotechnology,LONG,22.3,21.15,24.55,1.2,,,,,,
2024-09-09,2024-09-06,cvna,Auto & Truck Dealerships,LONG,143.04,136.79,155.15,6.2,,,,,,
2024-09-09,2024-09-06,spry,Biotechnology,LONG,11.78,11.11,13.06,0.7,11.78,13.06,TP,4.0,1.9,4.1
2024-09-09,2024-09-06,vktx,Biotechnology,LONG,55.68,52.14,62.61,3.5,56.29,62.61,TP,3.0,1.8,5.9
2024-09-10,2024-09-09,lite,Communication Equipment,LONG,52.45,50.02,57.15,2.4,,,,,,
2024-09-10,2024-09-09,cvna,Auto & Truck Dealerships,LONG,138.53,132.58,150.05,5.9,,,,,,
2024-09-11,2024-09-10,upst,Credit Services,LONG,35.29,32.56,40.66,2.7,35.29,37.69,TE,5.0,0.9,6.8
2024-09-11,2024-09-10,run,Solar,LONG,17.48,16.52,19.33,1.0,18.01,19.33,TP,2.0,1.4,8.2
2024-09-11,2024-09-10,smtc,Semiconductors,LONG,40.48,38.15,45.01,2.3,40.48,42.47,TE,5.0,0.9,9.0
2024-09-12,2024-09-11,lmnd,Insurance—Property & Casualty,LONG,17.74,16.87,19.41,0.9,17.74,18.22,TE,5.0,0.6,9.6
2024-09-12,2024-09-11,rkt,Mortgage Finance,LONG,18.85,18.11,20.27,0.7,18.85,20.27,TP,2.0,1.9,11.5
2024-09-13,2024-09-12,cogt,Biotechnology,LONG,10.76,10.1,12.02,0.7,10.76,10.9,TE,5.0,0.2,11.7
2024-09-16,2024-09-13,x,Steel,SHORT,35.07,37.94,29.46,2.9,,,,,,
